Workbook

Sheet Assumptions
A1: Assumption | B1: Value | C1: Unit | D1: Rationale / source
A2: Users | B2: 12 | C2: people | D2: Northstar training scenario
A3: Loaded labour rate | B3: 65 | C3: SGD/hour | D3: Synthetic planning assumption
A4: Annual infographic volume | B4: 96 | C4: outputs | D4: Eight outputs per month
A5: Contingency | B5: 0.1 | C5: share | D5: Applied to base 12-month cost
A6: Minimum governance score | B6: 4 | C6: 1-5 | D6: Hard gate
A7: Minimum effectiveness score | B7: 4 | C7: 1-5 | D7: Hard gate

Sheet Options
A1: Option | B1: AnnualLicenceSGD | C1: TrainingSGD | D1: ProductionHours | E1: ReviewHours | F1: GovernanceScore | G1: EffectivenessScore | H1: MaintenanceSGD | I1: DataHandlingGate | J1: RightsGate | K1: EditabilityGate | L1: AccessibilityGate | M1: Eligibility | N1: Base12MonthCostSGD | O1: CostWithContingencySGD
A2: PowerPoint templates | B2: 0 | C2: 4800 | D2: 420 | E2: 120 | F2: 5 | G2: 3 | H2: 1200 | I2: PASS | J2: PASS | K2: PASS | L2: PASS | M2: =IF(AND(F2>=Assumptions!$B$6,G2>=Assumptions!$B$7,I2="PASS",J2="PASS",K2="PASS",L2="PASS"),"Eligible","Not eligible") | N2: =B2+C2+H2+(D2+E2)*Assumptions!$B$3 | O2: =N2*(1+Assumptions!$B$5)
A3: PowerPoint + Copilot | B3: 7200 | C3: 7200 | D3: 300 | E3: 150 | F3: 4 | G3: 5 | H3: 2400 | I3: PASS | J3: PASS | K3: PASS | L3: PASS | M3: =IF(AND(F3>=Assumptions!$B$6,G3>=Assumptions!$B$7,I3="PASS",J3="PASS",K3="PASS",L3="PASS"),"Eligible","Not eligible") | N3: =B3+C3+H3+(D3+E3)*Assumptions!$B$3 | O3: =N3*(1+Assumptions!$B$5)
A4: Copilot-first governed workflow | B4: 8400 | C4: 7200 | D4: 285 | E4: 165 | F4: 5 | G4: 5 | H4: 1800 | I4: PASS | J4: PASS | K4: PASS | L4: PASS | M4: =IF(AND(F4>=Assumptions!$B$6,G4>=Assumptions!$B$7,I4="PASS",J4="PASS",K4="PASS",L4="PASS"),"Eligible","Not eligible") | N4: =B4+C4+H4+(D4+E4)*Assumptions!$B$3 | O4: =N4*(1+Assumptions!$B$5)
A5: Mixed approved tools + PowerPoint | B5: 10800 | C5: 9600 | D5: 270 | E5: 210 | F5: 3 | G5: 4 | H5: 3000 | I5: PASS | J5: PASS | K5: PASS | L5: PASS | M5: =IF(AND(F5>=Assumptions!$B$6,G5>=Assumptions!$B$7,I5="PASS",J5="PASS",K5="PASS",L5="PASS"),"Eligible","Not eligible") | N5: =B5+C5+H5+(D5+E5)*Assumptions!$B$3 | O5: =N5*(1+Assumptions!$B$5)

Sheet Scorecard
A1: Criterion | B1: WeightPct | C1: PowerPoint templates | D1: PowerPoint + Copilot | E1: Copilot-first governed workflow | F1: Mixed approved tools + PowerPoint
A2: Effectiveness | B2: 25 | C2: 3 | D2: 5 | E2: 4 | F2: 4
A3: Governance | B3: 25 | C3: 5 | D3: 4 | E3: 4 | F3: 3
A4: Source grounding | B4: 15 | C4: 3 | D4: 4 | E4: 5 | F4: 4
A5: Editability | B5: 15 | C5: 5 | D5: 5 | E5: 3 | F5: 4
A6: Accessibility | B6: 10 | C6: 5 | D6: 4 | E6: 4 | F6: 4
A7: Continuity | B7: 10 | C7: 5 | D7: 4 | E7: 4 | F7: 3
A8: Weighted total | C8: =IFERROR(SUMPRODUCT($B$2:$B$7,C$2:C$7)/SUM($B$2:$B$7),0) | D8: =IFERROR(SUMPRODUCT($B$2:$B$7,D$2:D$7)/SUM($B$2:$B$7),0) | E8: =IFERROR(SUMPRODUCT($B$2:$B$7,E$2:E$7)/SUM($B$2:$B$7),0) | F8: =IFERROR(SUMPRODUCT($B$2:$B$7,F$2:F$7)/SUM($B$2:$B$7),0)
A9: Eligibility | C9: =INDEX(Options!$M$2:$M$5,MATCH(C$1,Options!$A$2:$A$5,0)) | D9: =INDEX(Options!$M$2:$M$5,MATCH(D$1,Options!$A$2:$A$5,0)) | E9: =INDEX(Options!$M$2:$M$5,MATCH(E$1,Options!$A$2:$A$5,0)) | F9: =INDEX(Options!$M$2:$M$5,MATCH(F$1,Options!$A$2:$A$5,0))
A10: 12-month cost SGD | C10: =INDEX(Options!$O$2:$O$5,MATCH(C$1,Options!$A$2:$A$5,0)) | D10: =INDEX(Options!$O$2:$O$5,MATCH(D$1,Options!$A$2:$A$5,0)) | E10: =INDEX(Options!$O$2:$O$5,MATCH(E$1,Options!$A$2:$A$5,0)) | F10: =INDEX(Options!$O$2:$O$5,MATCH(F$1,Options!$A$2:$A$5,0))

Sheet Recommendation
A1: Field | B1: Decision record
A2: Preferred workflow | B2: Select an eligible option
A3: 12-month budget SGD | B3: =IFERROR(INDEX(Scorecard!$C$10:$F$10,1,MATCH(B2,Scorecard!$C$1:$F$1,0)),0)
A4: Eligibility | B4: =IFERROR(INDEX(Scorecard!$C$9:$F$9,1,MATCH(B2,Scorecard!$C$1:$F$1,0)),"Check selection")
A5: Training plan | B5: Enter plan
A6: Governance controls | B6: Enter controls
A7: Success metrics | B7: Enter metrics
A8: Owner | B8: Enter owner
A9: Review date | B9: Enter date
A10: Reversal trigger | B10: Enter evidence that would reverse the decision

Sheet Source Notes
A1: Field | B1: Value
A2: Course | B2: Create Powerpoint Infographics with AI
A3: Activity | B3: 08 - Create a Resource Scorecard Infographic
A4: Data status | B4: Synthetic training data; not operational evidence
A5: Generated | B5: 5 September 2026
A6: Owner | B6: Learner working copy

Sheet AI Prompt Lab
A1: Prompt stage | B1: Copy-ready prompt | C1: Approved inputs | D1: Output verification | E1: Human changes | F1: Reviewer / owner
A2: Structured infographic prompt | B2: Create a one-page resource scorecard infographic about Create a Resource Scorecard Infographic. Sections: 1. 35% 2. 20% 3. 15% 4. 15% 5. 15% Audience: budget and governance committee Decision: The recommendation names the preferred workflow, budget, ownership, governance controls, success metrics and review date. Style: professional, concise, high contrast and accessible Format: Wide for PowerPoint unless the brief requires Portrait Source rule: use only the attached approved or synthetic course data; include period and source; do not invent facts | C2: Use only supplied approved or synthetic course inputs | D2: Verify type, sections, claims, source, reading order and accessibility | E2: Record PowerPoint rebuild and corrections | F2: Enter name
A3: Analyse the evidence | B3: Using only the attached approved source, identify the three strongest patterns, the denominator for each metric, one limitation and one proportionate business action. Cite the source field or row for every number. Do not invent missing values or imply causation. | C3: Enter approved sources | D3: Enter checks performed | E3: Enter edits made | F3: Enter name
A4: Create the infographic | B4: Create a one-page [TYPE] infographic about [TOPIC]. Sections: 1. [SECTION ONE] 2. [SECTION TWO] 3. [SECTION THREE] 4. [SECTION FOUR] 5. [SECTION FIVE]. Audience: [AUDIENCE]. Decision: [DECISION]. Style: professional, high contrast, concise, accessible and aligned to [BRAND]. Use only the approved attached content. Include source and period. Do not invent data. | C4: Enter approved sources | D4: Enter checks performed | E4: Enter edits made | F4: Enter name
A5: Refine in PowerPoint | B5: Turn the selected infographic direction into one editable PowerPoint slide. Keep the action title, labels, numbers, chart or process, source footer and accessibility notes editable. Remove decoration that does not support the message. Apply the approved brand colours and preserve one clear reading path. | C5: Enter approved sources | D5: Enter checks performed | E5: Enter edits made | F5: Enter name
A6: Quality review | B6: Review this infographic against message clarity, data accuracy, visual hierarchy, audience fit, accessibility, editability and business goal. List each issue with evidence, its impact, the proposed change and a pass/fail acceptance check. Do not rewrite verified facts. | C6: Enter approved sources | D6: Enter checks performed | E6: Enter edits made | F6: Enter name
